-- =============================================================================
-- Fundraising Platform - Dummy Data Seed
-- Run after backend/data/314 db.sql has created the schema.
--
-- This file is intentionally rerunnable. It clears app data, then inserts a
-- useful demo dataset for UI testing, reporting, donations, favorites,
-- verification, compliance, and admin/user-management workflows.
--
-- Demo logins:
--   admin / admin123
--   pm / password
--   assessor / password
--   compliance / password
--   fr1 / password
--   fr2 / password
--   donee1 / password
--   donee2 / password
--   donee3 / password
-- =============================================================================

BEGIN;

TRUNCATE TABLE
    notifications,
    favorites,
    withdrawal_holds,
    identity_verifications,
    fraud_reports,
    milestones,
    donations,
    campaigns,
    sessions,
    users,
    platform_config
RESTART IDENTITY CASCADE;

INSERT INTO platform_config (key, value, updated_at) VALUES
    ('max_campaign_goal', 1000000, NOW()),
    ('min_campaign_duration_days', 7, NOW()),
    ('platform_fee_percent', 5, NOW());

-- Password hashes generated by werkzeug.security.generate_password_hash.
-- admin uses password admin123. All other users use password password.
INSERT INTO users
    (id, username, email, password_hash, role, full_name, phone, status, created_at)
VALUES
    ('admin001', 'admin', 'admin@frwa.test',
     'scrypt:32768:8:1$v1lDEr9tpAjtg9RX$7758de74a00bc8292e18192fa6f9a54bc86e34425b335a23e3d95d89c85c2a207aa95c6506d44588449d3f408ace7b27f26ee2c5452d935aa67c2c1c8bba570b',
     'ADMIN', 'System Admin', '+65 9000 0001', 'ACTIVE', NOW() - INTERVAL '21 days'),
    ('pm000001', 'pm', 'pm@frwa.test',
     'scrypt:32768:8:1$Yb0MFhbLIYEm9mmy$9005552def1f6ad902ea6f9b17196d6578bbd9e62e5677bcb226c42e7ea2470868eaa4f58b8b30d1c2a3ace5318f9b09d8ae315c83e29b8e90960b841248670f',
     'PLATFORM_MANAGER', 'Priya Menon', '+65 9000 0002', 'ACTIVE', NOW() - INTERVAL '20 days'),
    ('assess01', 'assessor', 'assessor@frwa.test',
     'scrypt:32768:8:1$Yb0MFhbLIYEm9mmy$9005552def1f6ad902ea6f9b17196d6578bbd9e62e5677bcb226c42e7ea2470868eaa4f58b8b30d1c2a3ace5318f9b09d8ae315c83e29b8e90960b841248670f',
     'ASSESSOR', 'Avery Tan', '+65 9000 0003', 'ACTIVE', NOW() - INTERVAL '19 days'),
    ('compli01', 'compliance', 'compliance@frwa.test',
     'scrypt:32768:8:1$Yb0MFhbLIYEm9mmy$9005552def1f6ad902ea6f9b17196d6578bbd9e62e5677bcb226c42e7ea2470868eaa4f58b8b30d1c2a3ace5318f9b09d8ae315c83e29b8e90960b841248670f',
     'COMPLIANCE', 'Caleb Lim', '+65 9000 0004', 'ACTIVE', NOW() - INTERVAL '18 days'),
    ('fr000001', 'fr1', 'fr1@frwa.test',
     'scrypt:32768:8:1$Yb0MFhbLIYEm9mmy$9005552def1f6ad902ea6f9b17196d6578bbd9e62e5677bcb226c42e7ea2470868eaa4f58b8b30d1c2a3ace5318f9b09d8ae315c83e29b8e90960b841248670f',
     'FUNDRAISER', 'Nora Foundation', '+65 9000 1001', 'ACTIVE', NOW() - INTERVAL '17 days'),
    ('fr000002', 'fr2', 'fr2@frwa.test',
     'scrypt:32768:8:1$Yb0MFhbLIYEm9mmy$9005552def1f6ad902ea6f9b17196d6578bbd9e62e5677bcb226c42e7ea2470868eaa4f58b8b30d1c2a3ace5318f9b09d8ae315c83e29b8e90960b841248670f',
     'FUNDRAISER', 'Hope Collective', '+65 9000 1002', 'ACTIVE', NOW() - INTERVAL '16 days'),
    ('donee001', 'donee1', 'donee1@frwa.test',
     'scrypt:32768:8:1$Yb0MFhbLIYEm9mmy$9005552def1f6ad902ea6f9b17196d6578bbd9e62e5677bcb226c42e7ea2470868eaa4f58b8b30d1c2a3ace5318f9b09d8ae315c83e29b8e90960b841248670f',
     'DONEE', 'Maya Chen', '+65 9000 2001', 'ACTIVE', NOW() - INTERVAL '15 days'),
    ('donee002', 'donee2', 'donee2@frwa.test',
     'scrypt:32768:8:1$Yb0MFhbLIYEm9mmy$9005552def1f6ad902ea6f9b17196d6578bbd9e62e5677bcb226c42e7ea2470868eaa4f58b8b30d1c2a3ace5318f9b09d8ae315c83e29b8e90960b841248670f',
     'DONEE', 'Daniel Koh', '+65 9000 2002', 'ACTIVE', NOW() - INTERVAL '14 days'),
    ('donee003', 'donee3', 'donee3@frwa.test',
     'scrypt:32768:8:1$Yb0MFhbLIYEm9mmy$9005552def1f6ad902ea6f9b17196d6578bbd9e62e5677bcb226c42e7ea2470868eaa4f58b8b30d1c2a3ace5318f9b09d8ae315c83e29b8e90960b841248670f',
     'DONEE', 'Sofia Rahman', '+65 9000 2003', 'ACTIVE', NOW() - INTERVAL '13 days'),
    ('donee004', 'donee4', 'donee4@frwa.test',
     'scrypt:32768:8:1$Yb0MFhbLIYEm9mmy$9005552def1f6ad902ea6f9b17196d6578bbd9e62e5677bcb226c42e7ea2470868eaa4f58b8b30d1c2a3ace5318f9b09d8ae315c83e29b8e90960b841248670f',
     'DONEE', 'Elijah Wong', '+65 9000 2004', 'SUSPENDED', NOW() - INTERVAL '12 days');

INSERT INTO campaigns
    (id, title, description, category, fundraiser_id, goal_amount, raised_amount,
     image_url, start_date, end_date, status, urgency_tier, rejection_remarks,
     withdrawal_held, created_at)
VALUES
    ('camp0001', 'Emergency Surgery Fund',
     'Help cover urgent surgery and recovery care for a patient who cannot meet the full medical bill.',
     'Medical', 'fr000001', 15000.00, 13250.00,
     'https://images.unsplash.com/photo-1584515933487-779824d29309?auto=format&fit=crop&w=1200&q=80',
     CURRENT_DATE - 20, CURRENT_DATE + 10, 'ACTIVE', 'CRITICAL', '', FALSE, NOW() - INTERVAL '12 days'),
    ('camp0002', 'School Supplies for 80 Students',
     'Provide books, bags, uniforms, and stationery packs for low-income students starting the new term.',
     'Education', 'fr000001', 8000.00, 3250.00,
     'https://images.unsplash.com/photo-1503676260728-1c00da094a0b?auto=format&fit=crop&w=1200&q=80',
     CURRENT_DATE - 10, CURRENT_DATE + 35, 'ACTIVE', 'MEDIUM', '', FALSE, NOW() - INTERVAL '10 days'),
    ('camp0003', 'Community Food Pantry Restock',
     'Restock staple groceries, infant formula, and hygiene supplies for weekly distribution drives.',
     'Food Aid', 'fr000002', 12000.00, 11800.00,
     'https://images.unsplash.com/photo-1593113598332-cd288d649433?auto=format&fit=crop&w=1200&q=80',
     CURRENT_DATE - 18, CURRENT_DATE + 5, 'ACTIVE', 'HIGH', '', FALSE, NOW() - INTERVAL '9 days'),
    ('camp0004', 'Temporary Housing Support',
     'Fund short-term accommodation and basic furnishings for families displaced by a building fire.',
     'Housing', 'fr000002', 25000.00, 25000.00,
     'https://images.unsplash.com/photo-1460317442991-0ec209397118?auto=format&fit=crop&w=1200&q=80',
     CURRENT_DATE - 40, CURRENT_DATE - 2, 'COMPLETED', 'HIGH', '', FALSE, NOW() - INTERVAL '40 days'),
    ('camp0005', 'Senior Mobility Devices',
     'Purchase wheelchairs, walking frames, and home safety rails for elderly residents living alone.',
     'Elderly Care', 'fr000001', 10000.00, 900.00,
     'https://images.unsplash.com/photo-1576765607924-41bfbf7b10eb?auto=format&fit=crop&w=1200&q=80',
     CURRENT_DATE, CURRENT_DATE + 45, 'PENDING', 'LOW', '', FALSE, NOW() - INTERVAL '1 day'),
    ('camp0006', 'Clean Water Filters Pilot',
     'Pilot portable water filters for households affected by pipe contamination.',
     'Community Relief', 'fr000002', 18000.00, 1200.00,
     'https://images.unsplash.com/photo-1544476915-ed1370594142?auto=format&fit=crop&w=1200&q=80',
     CURRENT_DATE - 25, CURRENT_DATE + 15, 'REJECTED', 'MEDIUM',
     'Budget breakdown needs supplier quotations before approval.', FALSE, NOW() - INTERVAL '7 days'),
    ('camp0007', 'Youth Mental Health Workshops',
     'Sponsor counsellor-led group workshops and follow-up resources for at-risk youth.',
     'Mental Health', 'fr000001', 9000.00, 4100.00,
     'https://images.unsplash.com/photo-1529156069898-49953e39b3ac?auto=format&fit=crop&w=1200&q=80',
     CURRENT_DATE - 14, CURRENT_DATE + 20, 'SUSPENDED', 'MEDIUM', '', TRUE, NOW() - INTERVAL '6 days'),
    ('camp0008', 'Cancer Treatment Transport',
     'Cover transport costs for patients travelling several times each week for treatment appointments.',
     'Medical', 'fr000002', 6000.00, 0.00,
     'https://images.unsplash.com/photo-1579154204601-01588f351e67?auto=format&fit=crop&w=1200&q=80',
     CURRENT_DATE, CURRENT_DATE + 30, 'PENDING', 'HIGH', '', FALSE, NOW());

INSERT INTO donations
    (id, campaign_id, donee_id, amount, message, anonymous, created_at)
VALUES
    ('don00001', 'camp0001', 'donee001', 500.00, 'Wishing a smooth recovery.', FALSE, NOW() - INTERVAL '11 days'),
    ('don00002', 'camp0001', 'donee002', 1250.00, 'Hope this helps.', FALSE, NOW() - INTERVAL '9 days'),
    ('don00003', 'camp0001', 'donee003', 1500.00, '', TRUE, NOW() - INTERVAL '5 days'),
    ('don00004', 'camp0001', 'donee001', 10000.00, 'Matching donation from our office pool.', FALSE, NOW() - INTERVAL '1 day'),
    ('don00005', 'camp0002', 'donee001', 1000.00, 'Education changes everything.', FALSE, NOW() - INTERVAL '8 days'),
    ('don00006', 'camp0002', 'donee002', 750.00, '', TRUE, NOW() - INTERVAL '4 days'),
    ('don00007', 'camp0002', 'donee003', 1500.00, 'For uniforms and stationery.', FALSE, NOW()),
    ('don00008', 'camp0003', 'donee001', 3000.00, 'For this week''s food packs.', FALSE, NOW() - INTERVAL '8 days'),
    ('don00009', 'camp0003', 'donee002', 4300.00, '', TRUE, NOW() - INTERVAL '3 days'),
    ('don00010', 'camp0003', 'donee003', 4500.00, 'Almost there.', FALSE, NOW()),
    ('don00011', 'camp0004', 'donee001', 10000.00, 'For temporary housing.', FALSE, NOW() - INTERVAL '35 days'),
    ('don00012', 'camp0004', 'donee002', 8000.00, '', TRUE, NOW() - INTERVAL '31 days'),
    ('don00013', 'camp0004', 'donee003', 7000.00, 'Glad this reached its goal.', FALSE, NOW() - INTERVAL '25 days'),
    ('don00014', 'camp0007', 'donee002', 2100.00, 'Mental health support matters.', FALSE, NOW() - INTERVAL '5 days'),
    ('don00015', 'camp0007', 'donee003', 2000.00, '', TRUE, NOW() - INTERVAL '2 days');

INSERT INTO favorites (id, donee_id, campaign_id, created_at) VALUES
    ('fav00001', 'donee001', 'camp0001', NOW() - INTERVAL '8 days'),
    ('fav00002', 'donee001', 'camp0003', NOW() - INTERVAL '7 days'),
    ('fav00003', 'donee002', 'camp0003', NOW() - INTERVAL '6 days'),
    ('fav00004', 'donee003', 'camp0002', NOW() - INTERVAL '5 days'),
    ('fav00005', 'donee003', 'camp0001', NOW() - INTERVAL '2 days');

INSERT INTO milestones
    (id, campaign_id, fundraiser_id, title, description, created_at)
VALUES
    ('mile0001', 'camp0001', 'fr000001', 'Hospital deposit paid',
     'The initial hospital deposit has been paid and surgery is scheduled.', NOW() - INTERVAL '6 days'),
    ('mile0002', 'camp0001', 'fr000001', 'Recovery supplies ordered',
     'Post-surgery wound care and mobility supplies have been ordered.', NOW() - INTERVAL '2 days'),
    ('mile0003', 'camp0002', 'fr000001', 'First supply batch delivered',
     'Twenty school kits were packed and delivered to partner families.', NOW() - INTERVAL '3 days'),
    ('mile0004', 'camp0003', 'fr000002', 'Pantry shelves restocked',
     'Rice, canned food, cooking oil, and formula were restocked for distribution.', NOW() - INTERVAL '1 day'),
    ('mile0005', 'camp0004', 'fr000002', 'Families moved into temporary units',
     'All supported families have moved into safe temporary housing.', NOW() - INTERVAL '20 days');

INSERT INTO fraud_reports
    (id, campaign_id, reported_by, description, status, reviewed_by, escalated_to, created_at)
VALUES
    ('fraud001', 'camp0007', 'donee002',
     'The campaign documents appear inconsistent with the stated beneficiary group.',
     'ESCALATED', 'compli01', 'assess01', NOW() - INTERVAL '4 days'),
    ('fraud002', 'camp0006', 'donee003',
     'Supplier details could not be verified from the campaign description.',
     'REVIEWED', 'compli01', NULL, NOW() - INTERVAL '6 days'),
    ('fraud003', 'camp0001', 'donee001',
     'Requesting a routine review of medical invoice attachments.',
     'PENDING', NULL, NULL, NOW() - INTERVAL '1 day');

INSERT INTO identity_verifications
    (id, campaign_id, fundraiser_id, verified_by, status, documents, notes, created_at)
VALUES
    ('verify01', 'camp0001', 'fr000001', 'assess01', 'VERIFIED',
     ARRAY['hospital_invoice.pdf', 'beneficiary_id.pdf'],
     'Beneficiary identity and medical invoice verified.', NOW() - INTERVAL '10 days'),
    ('verify02', 'camp0007', 'fr000001', 'assess01', 'REJECTED',
     ARRAY['workshop_plan.pdf'],
     'Supporting organization registration is incomplete.', NOW() - INTERVAL '3 days'),
    ('verify03', 'camp0008', 'fr000002', NULL, 'PENDING',
     ARRAY['transport_quotes.pdf'],
     'Awaiting assessor review.', NOW());

INSERT INTO withdrawal_holds
    (id, campaign_id, placed_by, reason, status, created_at)
VALUES
    ('hold0001', 'camp0007', 'assess01',
     'Withdrawal held while identity and supplier records are reviewed.', 'ACTIVE', NOW() - INTERVAL '3 days'),
    ('hold0002', 'camp0006', 'assess01',
     'Hold lifted after rejection decision was recorded.', 'LIFTED', NOW() - INTERVAL '5 days');

INSERT INTO notifications
    (id, user_id, title, message, notif_type, read, link, created_at)
VALUES
    ('notif001', 'donee001', 'Campaign Near Goal',
     '''Emergency Surgery Fund'' is within 10% of its fundraising goal!', 'warning', FALSE,
     '/campaigns/camp0001', NOW() - INTERVAL '1 day'),
    ('notif002', 'donee002', 'Campaign Near Goal',
     '''Community Food Pantry Restock'' is within 10% of its fundraising goal!', 'warning', FALSE,
     '/campaigns/camp0003', NOW()),
    ('notif003', 'fr000001', 'Campaign Suspended',
     'Youth Mental Health Workshops is suspended pending review.', 'error', FALSE,
     '/fundraiser/campaigns/camp0007', NOW() - INTERVAL '3 days'),
    ('notif004', 'pm000001', 'Pending Campaign Review',
     'Cancer Treatment Transport is ready for platform review.', 'info', FALSE,
     '/platform/review/camp0008', NOW()),
    ('notif005', 'admin001', 'System Seed Loaded',
     'Dummy data has been loaded successfully.', 'success', TRUE,
     '/admin', NOW());

COMMIT;
